{
	"info": {
		"_postman_id": "567b7479-cefe-4036-80f1-2584cd734dde",
		"name": "USIG - Normalizador de Direcciones",
		"schema": "https://schema.getpostman.com/json/collection/v2.1.0/collection.json"
	},
	"item": [
		{
			"name": "1 Testear el Programa con parámetros de entrada calle y calle",
			"request": {
				"method": "GET",
				"header": [],
				"url": {
					"raw": "http://servicios.usig.buenosaires.gob.ar/normalizar/?direccion=callao%20y%20corrientes ",
					"protocol": "http",
					"host": [
						"servicios",
						"usig",
						"buenosaires",
						"gob",
						"ar"
					],
					"path": [
						"normalizar",
						""
					],
					"query": [
						{
							"key": "direccion",
							"value": "callao%20y%20corrientes "
						}
					]
				}
			},
			"response": []
		},
		{
			"name": "2 Testear el Programa con parámetros de entrada calle, calle y localidad",
			"request": {
				"method": "GET",
				"header": [],
				"url": {
					"raw": "http://servicios.usig.buenosaires.gob.ar/normalizar/?direccion=callao%20y%20corrientes,%20caba# ",
					"protocol": "http",
					"host": [
						"servicios",
						"usig",
						"buenosaires",
						"gob",
						"ar"
					],
					"path": [
						"normalizar",
						""
					],
					"query": [
						{
							"key": "direccion",
							"value": "callao%20y%20corrientes,%20caba"
						}
					],
					"hash": " "
				}
			},
			"response": []
		},
		{
			"name": "3 Testear el Programa con parámetros de entrada calle y N°",
			"request": {
				"method": "GET",
				"header": [],
				"url": {
					"raw": "http://servicios.usig.buenosaires.gob.ar/normalizar/?direccion=loria%20300",
					"protocol": "http",
					"host": [
						"servicios",
						"usig",
						"buenosaires",
						"gob",
						"ar"
					],
					"path": [
						"normalizar",
						""
					],
					"query": [
						{
							"key": "direccion",
							"value": "loria%20300"
						}
					]
				}
			},
			"response": []
		},
		{
			"name": "4 Testear el Programa con parámetros de entrada calle, N° y localidad",
			"request": {
				"method": "GET",
				"header": [],
				"url": {
					"raw": "http://servicios.usig.buenosaires.gob.ar/normalizar/?direccion=loria%20300,%20lomas",
					"protocol": "http",
					"host": [
						"servicios",
						"usig",
						"buenosaires",
						"gob",
						"ar"
					],
					"path": [
						"normalizar",
						""
					],
					"query": [
						{
							"key": "direccion",
							"value": "loria%20300,%20lomas"
						}
					]
				}
			},
			"response": []
		},
		{
			"name": "5 Testear el Programa con parámetros de entrada calle, calle con GEOCODIFICACION",
			"request": {
				"method": "GET",
				"header": [],
				"url": {
					"raw": "http://servicios.usig.buenosaires.gob.ar/normalizar/?direccion=corrientes y santa fe&geocodificar=TRUE",
					"protocol": "http",
					"host": [
						"servicios",
						"usig",
						"buenosaires",
						"gob",
						"ar"
					],
					"path": [
						"normalizar",
						""
					],
					"query": [
						{
							"key": "direccion",
							"value": "corrientes y santa fe"
						},
						{
							"key": "geocodificar",
							"value": "TRUE"
						}
					]
				}
			},
			"response": []
		},
		{
			"name": "6 Testear el Programa con parámetros de entrada calle, calle y localidad con GEOCODIFICACION",
			"request": {
				"method": "GET",
				"header": [],
				"url": {
					"raw": "https://servicios.usig.buenosaires.gob.ar/normalizar/?direccion=callao y corrientes, caba&geocodificar=TRUE",
					"protocol": "https",
					"host": [
						"servicios",
						"usig",
						"buenosaires",
						"gob",
						"ar"
					],
					"path": [
						"normalizar",
						""
					],
					"query": [
						{
							"key": "direccion",
							"value": "callao y corrientes, caba"
						},
						{
							"key": "geocodificar",
							"value": "TRUE"
						}
					]
				}
			},
			"response": []
		},
		{
			"name": "7 Testear el Programa con parámetros de entrada calle y N° con GEOCODIFICACION",
			"request": {
				"method": "GET",
				"header": [],
				"url": {
					"raw": "https://servicios.usig.buenosaires.gob.ar/normalizar/?direccion=loria 300&geocodificar=TRUE",
					"protocol": "https",
					"host": [
						"servicios",
						"usig",
						"buenosaires",
						"gob",
						"ar"
					],
					"path": [
						"normalizar",
						""
					],
					"query": [
						{
							"key": "direccion",
							"value": "loria 300"
						},
						{
							"key": "geocodificar",
							"value": "TRUE"
						}
					]
				}
			},
			"response": []
		},
		{
			"name": "8 Testear el Programa con parámetros de entrada calle, N° y localidad con GEOCODIFICACION",
			"request": {
				"method": "GET",
				"header": [],
				"url": {
					"raw": "https://servicios.usig.buenosaires.gob.ar/normalizar/?direccion=loria 300, lomas&geocodificar=TRUE",
					"protocol": "https",
					"host": [
						"servicios",
						"usig",
						"buenosaires",
						"gob",
						"ar"
					],
					"path": [
						"normalizar",
						""
					],
					"query": [
						{
							"key": "direccion",
							"value": "loria 300, lomas"
						},
						{
							"key": "geocodificar",
							"value": "TRUE"
						}
					]
				}
			},
			"response": []
		},
		{
			"name": "9 Testear el Programa con parámetros de entrada calle con maximo de opciones",
			"request": {
				"method": "GET",
				"header": [],
				"url": {
					"raw": "http://servicios.usig.buenosaires.gob.ar/normalizar/?direccion=santa&maxOptions=25",
					"protocol": "http",
					"host": [
						"servicios",
						"usig",
						"buenosaires",
						"gob",
						"ar"
					],
					"path": [
						"normalizar",
						""
					],
					"query": [
						{
							"key": "direccion",
							"value": "santa"
						},
						{
							"key": "maxOptions",
							"value": "25"
						}
					]
				}
			},
			"response": []
		},
		{
			"name": "10 Testear el Programa con parámetros de entrada Latitud y Longitudw Request",
			"request": {
				"method": "GET",
				"header": [],
				"url": {
					"raw": "http://servicios.usig.buenosaires.gob.ar/normalizar/?lng=-58.490674&lat=-34.524909",
					"protocol": "http",
					"host": [
						"servicios",
						"usig",
						"buenosaires",
						"gob",
						"ar"
					],
					"path": [
						"normalizar",
						""
					],
					"query": [
						{
							"key": "lng",
							"value": "-58.490674"
						},
						{
							"key": "lat",
							"value": "-34.524909"
						}
					]
				}
			},
			"response": []
		},
		{
			"name": "11 Testear el Programa con parámetros de entrada Latitud y Longitud con GEOCODIFICACIONquest",
			"request": {
				"method": "GET",
				"header": [],
				"url": {
					"raw": "https://servicios.usig.buenosaires.gob.ar/normalizar/?lng=-58.490674&lat=-34.524909&geocodificar=TRUE",
					"protocol": "https",
					"host": [
						"servicios",
						"usig",
						"buenosaires",
						"gob",
						"ar"
					],
					"path": [
						"normalizar",
						""
					],
					"query": [
						{
							"key": "lng",
							"value": "-58.490674"
						},
						{
							"key": "lat",
							"value": "-34.524909"
						},
						{
							"key": "geocodificar",
							"value": "TRUE"
						}
					]
				}
			},
			"response": []
		},
		{
			"name": "12 Testear el Programa con parámetros de entrada Latitud y Longitud con tipo de resultado: calle y calle",
			"request": {
				"method": "GET",
				"header": [],
				"url": {
					"raw": "http://servicios.usig.buenosaires.gob.ar/normalizar/?lng=-58.402165&lat=-34.762920&tipoResultado=calle_y_calle",
					"protocol": "http",
					"host": [
						"servicios",
						"usig",
						"buenosaires",
						"gob",
						"ar"
					],
					"path": [
						"normalizar",
						""
					],
					"query": [
						{
							"key": "lng",
							"value": "-58.402165"
						},
						{
							"key": "lat",
							"value": "-34.762920"
						},
						{
							"key": "tipoResultado",
							"value": "calle_y_calle"
						}
					]
				}
			},
			"response": []
		},
		{
			"name": "13 Testear el Programa con parámetros de entrada Latitud y Longitud, tipo de resultado: calle y calle.  con GEOCODIFICACION",
			"request": {
				"method": "GET",
				"header": [],
				"url": {
					"raw": "https://servicios.usig.buenosaires.gob.ar/normalizar/?lng=-58.402165&lat=-34.762920&tipoResultado=calle_y_calle&geocodificar=TRUE",
					"protocol": "https",
					"host": [
						"servicios",
						"usig",
						"buenosaires",
						"gob",
						"ar"
					],
					"path": [
						"normalizar",
						""
					],
					"query": [
						{
							"key": "lng",
							"value": "-58.402165"
						},
						{
							"key": "lat",
							"value": "-34.762920"
						},
						{
							"key": "tipoResultado",
							"value": "calle_y_calle"
						},
						{
							"key": "geocodificar",
							"value": "TRUE"
						}
					]
				}
			},
			"response": []
		},
		{
			"name": "14 Testear el Programa con parámetros de entrada Latitud y Longitud con tipo de resultado: calle y N°quest",
			"request": {
				"method": "GET",
				"header": [],
				"url": {
					"raw": "http://servicios.usig.buenosaires.gob.ar/normalizar/?lng=-58.402165&lat=-34.762920&tipoResultado=calle_altura",
					"protocol": "http",
					"host": [
						"servicios",
						"usig",
						"buenosaires",
						"gob",
						"ar"
					],
					"path": [
						"normalizar",
						""
					],
					"query": [
						{
							"key": "lng",
							"value": "-58.402165"
						},
						{
							"key": "lat",
							"value": "-34.762920"
						},
						{
							"key": "tipoResultado",
							"value": "calle_altura"
						}
					]
				}
			},
			"response": []
		},
		{
			"name": "15 Testear el Programa con parámetros de entrada Latitud y Longitud, tipo de resultado: calle y N° . con GEOCODIFICACION",
			"request": {
				"method": "GET",
				"header": [],
				"url": {
					"raw": "https://servicios.usig.buenosaires.gob.ar/normalizar/?lng=-58.402165&lat=-34.762920&tipoResultado=calle_altura&geocodificar=TRUE",
					"protocol": "https",
					"host": [
						"servicios",
						"usig",
						"buenosaires",
						"gob",
						"ar"
					],
					"path": [
						"normalizar",
						""
					],
					"query": [
						{
							"key": "lng",
							"value": "-58.402165"
						},
						{
							"key": "lat",
							"value": "-34.762920"
						},
						{
							"key": "tipoResultado",
							"value": "calle_altura"
						},
						{
							"key": "geocodificar",
							"value": "TRUE"
						}
					]
				}
			},
			"response": []
		},
		{
			"name": "16 Testear el Programa con parámetros de entrada Latitud y Longitud y tipo de resultado: calle y N° , calle y calle",
			"request": {
				"method": "GET",
				"header": [],
				"url": {
					"raw": "https://servicios.usig.buenosaires.gob.ar/normalizar/?lng=-58.402165&lat=-34.762920&tipoResultado=calle_altura_calle_y_calle",
					"protocol": "https",
					"host": [
						"servicios",
						"usig",
						"buenosaires",
						"gob",
						"ar"
					],
					"path": [
						"normalizar",
						""
					],
					"query": [
						{
							"key": "lng",
							"value": "-58.402165"
						},
						{
							"key": "lat",
							"value": "-34.762920"
						},
						{
							"key": "tipoResultado",
							"value": "calle_altura_calle_y_calle"
						}
					]
				}
			},
			"response": []
		},
		{
			"name": "17 Testear el Programa con parámetros de entrada Latitud y Longitud, tipo de resultado: calle y N° , calle y calle. con GEOCODIFICACION",
			"request": {
				"method": "GET",
				"header": [],
				"url": {
					"raw": "https://servicios.usig.buenosaires.gob.ar/normalizar/?lng=-58.402165&lat=-34.762920&tipoResultado=calle_altura_calle_y_calle&geocodificar=TRUE",
					"protocol": "https",
					"host": [
						"servicios",
						"usig",
						"buenosaires",
						"gob",
						"ar"
					],
					"path": [
						"normalizar",
						""
					],
					"query": [
						{
							"key": "lng",
							"value": "-58.402165"
						},
						{
							"key": "lat",
							"value": "-34.762920"
						},
						{
							"key": "tipoResultado",
							"value": "calle_altura_calle_y_calle"
						},
						{
							"key": "geocodificar",
							"value": "TRUE"
						}
					]
				}
			},
			"response": []
		},
		{
			"name": "18 Testear el Programa con parámetros de entrada vacios",
			"request": {
				"method": "GET",
				"header": [],
				"url": {
					"raw": "https://servicios.usig.buenosaires.gob.ar/normalizar/?direccion=",
					"protocol": "https",
					"host": [
						"servicios",
						"usig",
						"buenosaires",
						"gob",
						"ar"
					],
					"path": [
						"normalizar",
						""
					],
					"query": [
						{
							"key": "direccion",
							"value": ""
						}
					]
				}
			},
			"response": []
		},
		{
			"name": "19 Testear el Programa sin parámetros de entrada",
			"request": {
				"method": "GET",
				"header": [],
				"url": {
					"raw": "https://servicios.usig.buenosaires.gob.ar/normalizar",
					"protocol": "https",
					"host": [
						"servicios",
						"usig",
						"buenosaires",
						"gob",
						"ar"
					],
					"path": [
						"normalizar"
					]
				}
			},
			"response": []
		},
		{
			"name": "20 Testear el Programa con un parámetro de entrada",
			"request": {
				"method": "GET",
				"header": [],
				"url": {
					"raw": "https://servicios.usig.buenosaires.gob.ar/normalizar/?direccion=callao",
					"protocol": "https",
					"host": [
						"servicios",
						"usig",
						"buenosaires",
						"gob",
						"ar"
					],
					"path": [
						"normalizar",
						""
					],
					"query": [
						{
							"key": "direccion",
							"value": "callao"
						}
					]
				}
			},
			"response": []
		},
		{
			"name": "21 Testear el Programa con un parámetro de entrada y maximo de valores",
			"request": {
				"method": "GET",
				"header": [],
				"url": {
					"raw": "https://servicios.usig.buenosaires.gob.ar/normalizar/?direccion=callao&maxOptions=20",
					"protocol": "https",
					"host": [
						"servicios",
						"usig",
						"buenosaires",
						"gob",
						"ar"
					],
					"path": [
						"normalizar",
						""
					],
					"query": [
						{
							"key": "direccion",
							"value": "callao"
						},
						{
							"key": "maxOptions",
							"value": "20"
						}
					]
				}
			},
			"response": []
		},
		{
			"name": "22 Testear el Programa con un parámetro de entrada, maximo de valores y con GEOCODIFICACION",
			"request": {
				"method": "GET",
				"header": [],
				"url": {
					"raw": "https://servicios.usig.buenosaires.gob.ar/normalizar/?direccion=callao&maxOptions=20&geocodificar=TRUE",
					"protocol": "https",
					"host": [
						"servicios",
						"usig",
						"buenosaires",
						"gob",
						"ar"
					],
					"path": [
						"normalizar",
						""
					],
					"query": [
						{
							"key": "direccion",
							"value": "callao"
						},
						{
							"key": "maxOptions",
							"value": "20"
						},
						{
							"key": "geocodificar",
							"value": "TRUE"
						}
					]
				}
			},
			"response": []
		},
		{
			"name": "23 Testear el Programa con parámetros de entrada inexistentesRequest",
			"request": {
				"method": "GET",
				"header": [],
				"url": {
					"raw": "https://servicios.usig.buenosaires.gob.ar/normalizar/?direccion=banana",
					"protocol": "https",
					"host": [
						"servicios",
						"usig",
						"buenosaires",
						"gob",
						"ar"
					],
					"path": [
						"normalizar",
						""
					],
					"query": [
						{
							"key": "direccion",
							"value": "banana"
						}
					]
				}
			},
			"response": []
		},
		{
			"name": "24 Testear el Programa solo con Longitud como parámetro de entrada",
			"request": {
				"method": "GET",
				"header": [],
				"url": {
					"raw": "https://servicios.usig.buenosaires.gob.ar/normalizar/?lng=-58.490674",
					"protocol": "https",
					"host": [
						"servicios",
						"usig",
						"buenosaires",
						"gob",
						"ar"
					],
					"path": [
						"normalizar",
						""
					],
					"query": [
						{
							"key": "lng",
							"value": "-58.490674"
						}
					]
				}
			},
			"response": []
		},
		{
			"name": "25 Testear el Programa solo con Latitud como parámetro de entrada",
			"request": {
				"method": "GET",
				"header": [],
				"url": {
					"raw": "https://servicios.usig.buenosaires.gob.ar/normalizar/?lat=-34.524909",
					"protocol": "https",
					"host": [
						"servicios",
						"usig",
						"buenosaires",
						"gob",
						"ar"
					],
					"path": [
						"normalizar",
						""
					],
					"query": [
						{
							"key": "lat",
							"value": "-34.524909"
						}
					]
				}
			},
			"response": []
		},
		{
			"name": "26 Testear el Programa con NUMEROS ENTEROS como parámetro de entrada",
			"request": {
				"method": "GET",
				"header": [],
				"url": {
					"raw": "https://servicios.usig.buenosaires.gob.ar/normalizar/?direccion=300",
					"protocol": "https",
					"host": [
						"servicios",
						"usig",
						"buenosaires",
						"gob",
						"ar"
					],
					"path": [
						"normalizar",
						""
					],
					"query": [
						{
							"key": "direccion",
							"value": "300"
						}
					]
				}
			},
			"response": []
		},
		{
			"name": "27 Testear el Programa con NUMEROS NEGATIVOS como parámetro de entrada",
			"request": {
				"method": "GET",
				"header": [],
				"url": {
					"raw": "https://servicios.usig.buenosaires.gob.ar/normalizar/?direccion=-2000",
					"protocol": "https",
					"host": [
						"servicios",
						"usig",
						"buenosaires",
						"gob",
						"ar"
					],
					"path": [
						"normalizar",
						""
					],
					"query": [
						{
							"key": "direccion",
							"value": "-2000"
						}
					]
				}
			},
			"response": []
		},
		{
			"name": "28 Testear el Programa con sobrecarga de NUMEROS como parámetro de entrada",
			"request": {
				"method": "GET",
				"header": [],
				"url": {
					"raw": "https://servicios.usig.buenosaires.gob.ar/normalizar/?direccion=loria%203000000000",
					"protocol": "https",
					"host": [
						"servicios",
						"usig",
						"buenosaires",
						"gob",
						"ar"
					],
					"path": [
						"normalizar",
						""
					],
					"query": [
						{
							"key": "direccion",
							"value": "loria%203000000000"
						}
					]
				}
			},
			"response": []
		}
	]
}